{"jsc2021_a":[0.000596302,0.02186444,0.086861458,0.166368515,0.235937189,0.285231564,0.332935798,0.368515205,0.395348837,0.417610812,0.43887895,0.456966805,0.47843371,0.494335122,0.510634068,0.521963824,0.533293579,0.54084675,0.549990061,0.555555555,0.563307493,0.570463128,0.576624925,0.582786722,0.588948519,0.592327569,0.598489365,0.604054859,0.608030212,0.6124031,0.615185847,0.6191612,0.623335321,0.626913138,0.630292188,0.634665076,0.637249055,0.638640429,0.640429338,0.642615782,0.64440469,0.646591134,0.649771417,0.65116279,0.654144305,0.658119658,0.66129994,0.662293778,0.664480222,0.666269131,0.668256807,0.670244484,0.671635857,0.675213675,0.677598886,0.679387795,0.681176704,0.682568077,0.683959451,0.68654343,0.687139733,0.688531107,0.690320015,0.691313854,0.692705227,0.693102762,0.694096601,0.695686742,0.697078115,0.698071953,0.699065792,0.700457165,0.702047306,0.702643609,0.703239912,0.704830053,0.706022659,0.707016497,0.707414032,0.708407871,0.709401709,0.710395547,0.711985688,0.712780759,0.713774597,0.714768435,0.715961041,0.716756112,0.716756112,0.717153647,0.71774995,0.718743788,0.719340091,0.720135161,0.720930232,0.721725303,0.722719141,0.723712979,0.72450805,0.724905585,0.72530312,0.726098191,0.726495726,0.727688332,0.728085867,0.728284635,0.729676008,0.730073544,0.730272311,0.731067382,0.73206122,0.732458755,0.733253826,0.734645199,0.735042735,0.735042735,0.735241502,0.736036573,0.736434108,0.736831643],"jsc2021_b":[0.0,0.00079507,0.004969191,0.019876764,0.048300536,0.086066388,0.127608825,0.16676605,0.204730669,0.2450805,0.275889485,0.301729278,0.322997416,0.346054462,0.366726296,0.384615384,0.402504472,0.41701451,0.430928244,0.444841979,0.459153249,0.472073146,0.486583184,0.49532896,0.505664877,0.514808189,0.52315643,0.531504671,0.539455376,0.543828264,0.550188829,0.557145696,0.564102564,0.570463128,0.574836016,0.580799045,0.584774398,0.588153448,0.590737427,0.595309083,0.599483204,0.602663486,0.606241303,0.610415424,0.615384615,0.618366129,0.621943947,0.624925462,0.627708209,0.630292188,0.633074935,0.637050288,0.639833035,0.642814549,0.645597296,0.648181276,0.651560325,0.652554164,0.65454184,0.656330749,0.65792089,0.661101172,0.663883919,0.666666666,0.66805804,0.669449413,0.671039554,0.672430928,0.673822301,0.674617372,0.677002583,0.678393957,0.680381633,0.681176704,0.682568077,0.684555754,0.685350824,0.686940966,0.687537268,0.688928642,0.689326177,0.690518783,0.691910157,0.693102762,0.694692903,0.696084277,0.696879348,0.697674418,0.698270721,0.699264559,0.700258397,0.700655933,0.701053468,0.701649771,0.703239912,0.704432518,0.704830053,0.705426356,0.705823891,0.707016497,0.708010335,0.708805406,0.710196779,0.711190618,0.711786921,0.712581991,0.713178294,0.713774597,0.713973365,0.714768435,0.716756112,0.717352415,0.718743788,0.718942556,0.719936394,0.720333929,0.720731464,0.721129,0.721725303,0.722321606],"jsc2021_c":[0.0,0.000397535,0.001391373,0.002583979,0.007354402,0.013714967,0.019479228,0.032597893,0.048101769,0.061617968,0.077519379,0.095209699,0.112104949,0.127807592,0.142715165,0.159610415,0.169946332,0.185052673,0.194991055,0.205326972,0.218246869,0.229775392,0.238521168,0.248062015,0.257006559,0.265951103,0.272709202,0.278274696,0.285231564,0.291393361,0.29735639,0.305704631,0.312263963,0.316040548,0.322202345,0.329556748,0.335321009,0.340091433,0.346054462,0.351818723,0.356986682,0.359968197,0.365136155,0.369111508,0.373484396,0.377260981,0.382230172,0.386801828,0.390379646,0.393559928,0.397932816,0.401510634,0.404492148,0.409461339,0.413039157,0.415623136,0.419598489,0.421784933,0.425561518,0.428344265,0.430331941,0.431922083,0.434903597,0.437686344,0.440866626,0.442854303,0.446034585,0.449214867,0.451600079,0.453587755,0.455972967,0.457960644,0.460147088,0.463526137,0.464917511,0.466905187,0.468097793,0.469886702,0.472271914,0.47425959,0.476446034,0.477439872,0.479228781,0.480620155,0.482409063,0.484197972,0.485986881,0.486980719,0.48857086,0.490558537,0.492546213,0.494335122,0.496720333,0.497714172,0.498906777,0.500298151,0.501888292,0.503279666,0.504671039,0.505664877,0.506459948,0.508050089,0.50964023,0.511031604,0.51301928,0.514013118,0.515802027,0.517590936,0.518982309,0.520373683,0.520969986,0.521765056,0.522560127,0.525342874,0.526336712,0.526933015,0.527728085,0.529119459,0.5307096,0.532299741],"jsc2021_d":[0.0,0.000198767,0.00079507,0.001590141,0.001590141,0.002385211,0.004372888,0.008149473,0.01172729,0.01769032,0.02186444,0.028821307,0.037169548,0.046909163,0.055456171,0.064997018,0.073941562,0.083879944,0.090439276,0.101172729,0.110514808,0.12045319,0.128801431,0.136155833,0.143709004,0.149672033,0.15583383,0.161995627,0.167561121,0.174120453,0.180083482,0.185648976,0.191015702,0.195786126,0.201550387,0.206718346,0.210494931,0.214867819,0.217253031,0.222619757,0.225800039,0.229179089,0.231961836,0.237129795,0.241303915,0.245676803,0.249652156,0.254025044,0.257602862,0.261379447,0.264758497,0.266746173,0.269131385,0.271914132,0.273901808,0.277678393,0.280262373,0.28304512,0.284635261,0.287020473,0.289604452,0.292387199,0.294374875,0.29735639,0.300536672,0.302524349,0.305704631,0.307692307,0.310077519,0.312462731,0.315444245,0.316438083,0.319419598,0.322798648,0.325581395,0.327569071,0.330351818,0.331544424,0.332935798,0.334525939,0.335718545,0.337507453,0.339097594,0.340687736,0.341284038,0.342079109,0.343271715,0.344464321,0.346451997,0.347644603,0.349433512,0.35122242,0.352812562,0.354402703,0.354800238,0.355595309,0.356589147,0.357781753,0.358974358,0.360365732,0.362154641,0.363347247,0.364539852,0.365732458,0.366527529,0.367720135,0.369310276,0.370304114,0.371695487,0.373086861,0.374279467,0.375273305,0.376664678,0.377658517,0.378453587,0.378851123,0.379646193,0.380441264,0.380640031,0.381236334],"jsc2021_e":[0.0,0.0,0.0,0.0,0.0,0.0,0.0,0.0,0.0,0.0,0.0,0.0,0.0,0.0,0.0,0.0,0.0,0.0,0.0,0.0,0.0,0.0,0.0,0.000198767,0.000198767,0.000198767,0.000596302,0.00079507,0.001192605,0.001391373,0.001391373,0.001590141,0.001788908,0.001788908,0.002186444,0.002186444,0.002385211,0.002385211,0.002385211,0.002981514,0.003180282,0.003577817,0.003975352,0.003975352,0.00417412,0.004969191,0.004969191,0.006360564,0.006758099,0.006758099,0.007155635,0.007354402,0.007751937,0.008149473,0.008547008,0.008745776,0.008944543,0.009342079,0.009739614,0.009938382,0.010137149,0.010335917,0.010335917,0.01093222,0.011329755,0.012124826,0.012721129,0.012919896,0.013317431,0.013913734,0.013913734,0.014510037,0.015305108,0.015702643,0.015901411,0.016497714,0.017491552,0.018087855,0.018684158,0.018882925,0.018882925,0.019479228,0.019876764,0.019876764,0.020075531,0.020274299,0.020671834,0.021466905,0.02186444,0.022460743,0.022659511,0.023057046,0.023653349,0.024249652,0.024647187,0.02524349,0.025641025,0.026237328,0.027231166,0.027827469,0.027827469,0.028225004,0.028821307,0.02941761,0.029616378,0.030411449,0.031206519,0.031802822,0.03200159,0.032597893,0.03279666,0.033392963,0.033989266,0.034585569,0.034983104,0.035778175,0.03617571,0.036573245,0.037567084,0.038362154],