{"agc049_a":[0.0,0.0,0.00058997,0.002359882,0.003539823,0.005604719,0.007374631,0.009734513,0.013864306,0.017109144,0.018879056,0.021533923,0.023008849,0.024483775,0.025958702,0.029203539,0.031268436,0.032743362,0.033923303,0.03539823,0.0359882,0.038643067,0.039528023,0.040707964,0.04159292,0.04218289,0.044542772,0.046017699,0.046902654,0.047492625,0.04778761,0.048377581,0.050442477,0.050737463,0.051622418,0.052212389,0.052507374,0.053097345,0.055457227,0.057522123,0.058112094,0.058702064,0.058702064,0.059882005,0.059882005,0.060471976,0.060766961,0.061356932,0.061946902,0.062831858,0.063421828,0.064306784,0.064896755,0.066961651,0.067256637,0.068436578,0.069911504,0.070206489,0.072271386,0.073451327,0.073746312,0.074336283,0.074926253,0.075516224,0.076401179,0.077286135,0.078171091,0.078171091,0.078466076,0.078761061,0.079646017,0.080235988,0.081120943,0.081415929,0.08259587,0.08259587,0.08318584,0.084070796,0.084365781,0.084955752,0.086430678,0.087315634,0.088200589,0.08938053,0.089675516,0.089970501,0.090265486,0.091150442,0.091740412,0.091740412,0.092035398,0.092330383,0.092330383,0.092625368,0.093510324,0.094100294,0.09439528,0.09498525,0.095575221,0.095575221,0.096165191,0.096460176,0.096755162,0.097640117,0.098230088,0.099115044,0.099115044,0.099410029,0.1,0.100884955,0.101474926,0.101769911,0.102064896,0.102064896,0.102359882,0.103244837,0.103834808,0.104424778,0.104719764,0.104719764,0.105309734,0.105899705,0.105899705,0.106489675,0.10678466,0.108554572,0.109144542,0.109144542,0.109144542,0.109439528,0.109439528,0.109439528,0.109439528,0.109734513,0.110029498,0.110029498,0.110324483,0.110324483,0.110324483,0.110324483,0.110619469,0.110619469,0.111209439,0.111209439,0.111504424,0.11179941,0.11179941,0.11179941,0.11179941,0.112094395,0.11238938,0.112979351,0.113274336,0.113569321,0.114159292,0.114159292,0.114159292,0.114159292,0.114159292,0.114159292,0.115044247,0.115339233,0.115634218,0.115634218,0.115929203,0.116224188,0.116224188,0.116224188,0.116814159,0.116814159,0.117404129,0.117699115,0.117699115,0.118289085,0.11858407,0.118879056,0.118879056,0.119174041,0.119764011,0.119764011,0.120058997,0.120058997,0.120058997,0.120058997,0.120058997,0.120058997,0.120058997,0.120058997,0.120353982,0.120648967,0.120943952,0.120943952,0.121238938,0.121533923,0.121533923,0.121828908,0.122123893,0.122418879,0.122713864,0.122713864],"agc049_b":[0.0,0.0,0.0,0.0,0.0,0.0,0.0,0.000294985,0.000884955,0.001179941,0.001474926,0.001769911,0.003244837,0.003834808,0.00619469,0.007079646,0.007374631,0.007964601,0.009144542,0.010619469,0.01238938,0.015044247,0.01858407,0.020058997,0.022418879,0.025073746,0.027138643,0.029498525,0.031563421,0.034218289,0.0359882,0.038643067,0.04159292,0.044247787,0.047492625,0.049262536,0.050737463,0.05339233,0.056342182,0.058407079,0.060766961,0.064601769,0.067256637,0.069616519,0.07138643,0.072566371,0.075516224,0.078761061,0.082005899,0.084070796,0.086135693,0.087610619,0.089085545,0.091445427,0.09439528,0.097935103,0.10058997,0.103244837,0.105014749,0.10678466,0.108849557,0.110914454,0.113864306,0.114749262,0.117404129,0.119469026,0.121238938,0.12418879,0.127433628,0.128318584,0.131268436,0.131858407,0.133038348,0.133923303,0.136283185,0.138643067,0.140412979,0.141887905,0.142772861,0.144837758,0.146312684,0.148082595,0.149852507,0.150737463,0.151917404,0.153687315,0.154867256,0.156637168,0.15899705,0.160176991,0.161061946,0.161356932,0.162831858,0.164601769,0.165486725,0.166076696,0.166961651,0.168436578,0.169321533,0.17079646,0.17138643,0.173451327,0.174336283,0.175221238,0.176106194,0.176696165,0.17758112,0.178171091,0.178466076,0.179351032,0.180825958,0.182300884,0.183775811,0.184070796,0.185250737,0.186135693,0.187610619,0.188200589,0.188495575,0.18938053,0.190265486,0.190855457,0.191445427,0.191740412,0.192920353,0.19439528,0.195280235,0.195280235,0.196460176,0.197050147,0.198230088,0.198525073,0.199115044,0.199705014,0.2,0.20058997,0.201769911,0.202064896,0.202654867,0.202949852,0.203539823,0.205014749,0.205604719,0.206489675,0.206489675,0.20678466,0.207079646,0.208259587,0.209144542,0.209439528,0.210029498,0.210619469,0.210914454,0.212094395,0.21238938,0.212684365,0.212979351,0.212979351,0.213864306,0.214454277,0.214749262,0.215339233,0.215929203,0.215929203,0.216224188,0.216519174,0.216814159,0.216814159,0.216814159,0.217109144,0.217404129,0.217699115,0.2179941,0.2179941,0.218289085,0.218289085,0.21858407,0.21858407,0.218879056,0.218879056,0.219764011,0.219764011,0.220058997,0.220353982,0.220353982,0.220648967,0.220648967,0.220943952,0.220943952,0.221533923,0.221533923,0.221828908,0.221828908,0.221828908,0.221828908,0.221828908,0.222123893,0.222123893,0.222123893,0.222123893],"agc049_c":[0.0,0.0,0.0,0.0,0.0,0.0,0.0,0.0,0.0,0.0,0.0,0.0,0.0,0.0,0.0,0.0,0.0,0.000294985,0.000294985,0.000294985,0.000294985,0.000294985,0.000294985,0.000294985,0.000294985,0.00058997,0.00058997,0.000884955,0.000884955,0.001179941,0.001179941,0.001474926,0.001474926,0.001769911,0.001769911,0.001769911,0.002064896,0.002064896,0.002064896,0.002064896,0.002359882,0.002359882,0.002949852,0.002949852,0.002949852,0.003244837,0.004424778,0.004424778,0.004719764,0.005014749,0.005014749,0.005604719,0.00619469,0.00619469,0.006489675,0.007374631,0.007374631,0.007669616,0.007964601,0.008554572,0.008554572,0.008554572,0.008849557,0.009734513,0.009734513,0.010029498,0.010619469,0.011504424,0.01179941,0.012094395,0.012684365,0.012979351,0.013274336,0.013864306,0.014749262,0.015044247,0.015339233,0.015929203,0.015929203,0.016224188,0.017699115,0.0179941,0.018289085,0.019174041,0.019469026,0.019764011,0.020058997,0.020353982,0.020353982,0.020943952,0.020943952,0.021533923,0.021828908,0.022713864,0.023008849,0.023303834,0.023893805,0.024483775,0.025663716,0.025958702,0.026253687,0.027433628,0.027433628,0.027728613,0.028023598,0.028023598,0.028613569,0.028908554,0.029203539,0.02979351,0.030088495,0.030678466,0.031858407,0.032448377,0.033333333,0.033628318,0.034218289,0.035103244,0.036283185,0.036873156,0.037168141,0.038348082,0.039233038,0.040117994,0.040412979,0.040707964,0.041297935,0.041887905,0.042477876,0.043067846,0.043362831,0.043952802,0.044542772,0.044837758,0.044837758,0.044837758,0.045132743,0.046017699,0.046607669,0.046902654,0.04778761,0.048377581,0.048377581,0.048967551,0.048967551,0.049557522,0.051327433,0.051622418,0.052802359,0.052802359,0.053097345,0.053097345,0.053097345,0.054277286,0.055162241,0.055162241,0.056047197,0.056637168,0.057817109,0.058702064,0.05958702,0.059882005,0.060766961,0.061946902,0.062241887,0.062536873,0.062831858,0.063716814,0.063716814,0.064011799,0.064896755,0.064896755,0.06519174,0.065486725,0.066371681,0.067256637,0.068141592,0.068141592,0.068141592,0.068141592,0.068141592,0.069616519,0.069911504,0.070501474,0.07079646,0.07079646,0.07138643,0.071681415,0.071681415,0.072566371,0.072566371,0.072566371,0.073746312,0.074041297,0.074336283,0.074631268,0.074926253,0.076401179,0.076696165,0.077286135],