{"agc053_a":[0.0,0.0,0.0,0.000324569,0.001622849,0.002596559,0.005193119,0.006491398,0.009412528,0.012982797,0.015579357,0.017526777,0.020123336,0.024018175,0.028562155,0.031483284,0.032781564,0.034404414,0.040246673,0.043167802,0.046088932,0.049010061,0.052904901,0.05712431,0.060694579,0.061668289,0.064913988,0.066212268,0.068484258,0.071405387,0.072379097,0.073677377,0.074975657,0.076923076,0.080817916,0.082765335,0.084388185,0.086335605,0.087958455,0.088607594,0.090879584,0.092502434,0.094125283,0.095423563,0.097046413,0.098020123,0.099642973,0.100292112,0.101265822,0.102239532,0.103862382,0.104511522,0.105485232,0.106458941,0.107108081,0.107432651,0.108730931,0.110029211,0.11197663,0.1123012,0.1123012,0.11295034,0.11489776,0.11489776,0.11587147,0.11587147,0.11684518,0.118143459,0.120090879,0.121064589,0.122038299,0.122687439,0.123661148,0.123985718,0.125283998,0.127880558,0.127880558,0.128529698,0.130152547,0.130801687,0.131450827,0.132099967,0.132424537,0.133073677,0.133722817,0.134696527,0.135021097,0.135994806,0.136319376,0.137293086,0.137942226,0.138915936,0.139889646,0.140538786,0.141187925,0.141512495,0.142161635,0.142810775,0.143135345,0.144433625,0.144433625,0.145082765,0.145731905,0.146056475,0.146705615,0.146705615,0.147354754,0.149302174,0.150600454,0.150925024,0.151249594,0.151574164,0.151574164,0.152223304,0.153197013,0.153521583,0.153521583,0.153521583,0.154495293,0.154819863,0.156442713,0.156767283,0.157091853,0.157740993,0.158065563,0.158065563,0.158390133,0.158390133,0.159039272,0.159363842,0.160662122,0.160662122,0.160986692,0.162284972,0.162609542,0.162609542,0.162934112,0.163583252,0.164556962,0.164556962,0.164556962,0.165206101,0.165530671,0.166179811,0.166504381,0.166828951,0.166828951,0.166828951,0.168127231,0.168451801,0.168451801,0.168776371,0.168776371,0.169100941,0.169425511,0.170399221,0.17104836,0.1716975,0.17202207,0.17234664,0.17234664,0.17234664,0.17234664,0.17234664,0.17267121,0.17299578,0.17299578,0.17332035,0.17332035,0.17364492,0.17396949,0.17429406,0.17461863,0.17526777,0.17591691,0.17624148,0.17624148,0.176566049,0.176890619,0.177539759],"agc053_b":[0.0,0.0,0.0,0.0,0.0,0.000324569,0.000324569,0.000649139,0.000973709,0.001298279,0.001298279,0.002596559,0.002921129,0.004219409,0.004543979,0.004543979,0.005193119,0.008438818,0.009737098,0.010710808,0.011684518,0.012333657,0.014281077,0.015903927,0.016228497,0.018500486,0.019149626,0.020447906,0.023044466,0.024991885,0.026614735,0.027913015,0.028237585,0.028886725,0.030185004,0.032132424,0.033755274,0.036027263,0.037000973,0.038948393,0.039597533,0.041544952,0.044141512,0.044790652,0.047062641,0.049334631,0.050308341,0.050632911,0.052904901,0.05420318,0.05550146,0.05647517,0.05809802,0.05842259,0.060694579,0.061992859,0.064589419,0.066212268,0.067835118,0.069133398,0.071405387,0.072379097,0.073677377,0.074326517,0.074651087,0.074651087,0.075949367,0.077247646,0.077572216,0.078870496,0.081791626,0.082116196,0.082765335,0.084712755,0.086011035,0.086660175,0.086984745,0.087958455,0.088283024,0.089905874,0.091204154,0.091528724,0.092177864,0.092502434,0.093476144,0.094125283,0.095098993,0.096072703,0.096397273,0.098020123,0.099967543,0.101265822,0.102239532,0.102888672,0.103862382,0.104511522,0.106458941,0.106783511,0.108406361,0.109704641,0.110029211,0.110353781,0.110353781,0.111652061,0.11262577,0.11295034,0.11327491,0.11392405,0.11424862,0.11522233,0.11619604,0.11749432,0.11749432,0.117818889,0.118143459,0.119441739,0.119441739,0.120090879,0.121389159,0.123012009,0.123661148,0.123985718,0.124310288,0.124634858,0.125283998,0.125933138,0.126582278,0.126906848,0.127231418,0.128205128,0.128529698,0.129503407,0.130477117,0.130801687,0.131126257,0.132424537,0.133073677,0.133722817,0.133722817,0.134047387,0.134047387,0.134696527,0.135021097,0.135670236,0.135670236,0.136643946,0.136643946,0.136968516,0.137942226,0.137942226,0.138266796,0.138915936,0.139889646,0.139889646,0.139889646,0.140538786,0.140538786,0.141512495,0.141837065,0.142486205,0.142810775,0.143459915,0.144109055,0.144109055,0.144433625,0.145731905,0.146056475,0.146381045,0.146705615,0.147030185,0.147354754,0.147679324,0.147679324,0.148003894,0.148328464,0.148328464,0.148653034,0.149626744,0.150275884,0.150600454],"agc053_c":[0.0,0.0,0.0,0.0,0.0,0.0,0.0,0.0,0.0,0.0,0.0,0.0,0.0,0.0,0.0,0.0,0.0,0.0,0.0,0.0,0.0,0.0,0.0,0.0,0.0,0.0,0.0,0.0,0.0,0.0,0.0,0.0,0.0,0.0,0.0,0.0,0.0,0.000324569,0.000324569,0.000324569,0.000649139,0.000649139,0.000649139,0.000649139,0.000649139,0.000649139,0.000649139,0.000973709,0.000973709,0.001298279,0.001298279,0.001298279,0.001298279,0.001298279,0.001298279,0.001622849,0.001947419,0.001947419,0.001947419,0.001947419,0.001947419,0.001947419,0.001947419,0.001947419,0.001947419,0.001947419,0.001947419,0.001947419,0.001947419,0.002271989,0.002271989,0.002921129,0.002921129,0.003245699,0.003570269,0.003570269,0.003894839,0.003894839,0.003894839,0.003894839,0.004219409,0.004219409,0.004219409,0.004219409,0.004219409,0.004219409,0.004543979,0.004543979,0.004868549,0.004868549,0.005193119,0.005193119,0.005517689,0.005842259,0.006166828,0.006166828,0.006166828,0.006166828,0.006166828,0.006166828,0.006166828,0.006166828,0.006166828,0.006491398,0.006491398,0.006491398,0.006815968,0.006815968,0.006815968,0.006815968,0.007140538,0.007140538,0.007140538,0.007465108,0.007465108,0.007789678,0.007789678,0.007789678,0.007789678,0.008438818,0.008763388,0.009087958,0.009087958,0.009087958,0.009737098,0.009737098,0.009737098,0.010061668,0.010061668,0.010386238,0.010386238,0.010386238,0.010386238,0.010386238,0.010386238,0.010386238,0.010386238,0.010386238,0.011359948,0.011359948,0.011359948,0.011359948,0.011359948,0.011684518,0.012009087,0.012009087,0.012009087,0.012333657,0.012333657,0.012333657,0.012658227,0.012658227,0.012982797,0.013307367,0.013307367,0.013631937,0.013956507,0.014281077,0.014605647,0.014605647,0.014930217,0.014930217,0.015579357,0.015579357,0.016228497,0.016877637,0.016877637,0.016877637,0.016877637,0.017202207,0.017526777,0.017526777,0.017526777,0.018175916,0.018175916,0.018175916,0.018175916,0.018175916,0.018500486,0.018500486],"agc053_d":[0.0,0.0,0.0,0.0,0.0,0.0,0.0,0.0,0.0,0.0,0.0,0.0,0.0,0.0,0.0,0.0,0.0,0.0,0.0,0.0,0.0,0.0,0.0,0.0,0.0,0.0,0.0,0.0,0.0,0.0,0.0,0.0,0.0,0.0,0.0,0.0,0.0,0.0,0.0,0.0,0.0,0.0,0.0,0.0,0.0,0.0,0.0,0.0,0.0,0.0,0.0,0.0,0.0,0.0,0.0,0.0,0.0,0.0,0.0,0.0,0.0,0.0,0.0,0.0,0.0,0.0,0.0,0.0,0.0,0.0,0.0,0.0,0.0,0.0,0.0,0.0,0.0,0.0,0.0,0.0,0.0,0.0,0.0,0.0,0.0,0.0,0.0,0.0,0.0,0.0,0.0,0.0,0.0,0.0,0.0,0.0,0.0,0.0,0.0,0.0,0.0,0.0,0.0,0.0,0.0,0.0,0.0,0.0,0.0,0.0,0.0,0.0,0.0,0.0,0.0,0.0,0.0,0.0,0.0,0.0,0.0,0.0,0.0,0.0,0.0,0.0,0.0,0.0,0.0,0.0,0.0,0.0,0.0,0.0,0.000324569,0.000324569,0.000324569,0.000324569,0.000324569,0.000324569,0.000324569,0.000324569,0.000324569,0.000324569,0.000324569,0.000324569,0.000649139,0.000649139,0.000649139,0.000649139,0.000973709,0.000973709,0.000973709,0.000973709,0.000973709,0.000973709,0.001298279,0.001298279,0.001298279,0.001298279,0.001298279,0.001298279,0.001298279,0.001298279,0.001298279,0.001298279,0.001298279,0.001298279,0.001298279,0.001298279,0.001298279,0.001298279,0.001298279,0.001298279,0.001298279,0.001298279,0.001298279,0.001298279,0.001298279,0.001298279],