{"acl1_a":[0.0,0.0,0.0,0.0,0.000217722,0.000435445,0.001088613,0.00174178,0.002177226,0.002830394,0.003919007,0.004354452,0.00587851,0.006313956,0.007838014,0.008491182,0.009797517,0.010886131,0.012410189,0.014587415,0.016982364,0.0182887,0.020248203,0.021989984,0.02329632,0.024384933,0.025255824,0.026344437,0.028739386,0.030698889,0.032005225,0.033747006,0.034617896,0.036795123,0.038319181,0.039625517,0.040496407,0.042455911,0.043544524,0.04485086,0.04659264,0.047245808,0.048334421,0.04985848,0.050293925,0.052253429,0.054212932,0.054648377,0.056607881,0.058131939,0.058567385,0.059220553,0.05987372,0.060309166,0.061180056,0.062486392,0.063357282,0.064445895,0.065316786,0.066405399,0.067058567,0.068800348,0.070106684,0.070977574,0.072501632,0.074025691,0.074678859,0.074896581,0.075114304,0.075985194,0.076202917,0.076856085,0.077726975,0.078380143,0.079251034,0.079468756,0.080557369,0.08142826,0.08229915,0.083170041,0.083170041,0.084476377,0.084694099,0.084911822,0.085129544,0.08556499,0.08643588,0.086653603,0.087089048,0.088177661,0.088395384,0.088830829,0.08970172,0.090354887,0.090790333,0.091008055,0.092314391,0.092967559,0.092967559,0.093620727,0.093838449,0.09470934,0.095797953,0.096015676,0.096668843,0.097757456,0.098410624,0.09884607,0.099499237,0.099934683,0.100370128,0.101023296,0.101241018,0.101676464,0.102765077,0.102982799,0.103635967,0.10385369,0.104071413,0.104942303,0.105160026,0.105377748,0.105377748,0.105377748,0.105813193,0.106248639,0.106901807,0.106901807,0.107119529,0.107337252,0.107337252,0.107337252,0.107337252,0.107772697,0.10799042,0.108643588,0.10886131,0.109514478,0.109732201,0.110603091,0.111256259,0.111909427,0.11212715,0.112780317,0.113651208,0.114304376,0.115610711,0.116046157,0.11713477,0.117352492],"acl1_b":[0.0,0.0,0.0,0.0,0.0,0.0,0.0,0.0,0.0,0.0,0.0,0.000435445,0.000653167,0.00087089,0.001306335,0.001306335,0.001524058,0.001959503,0.002394948,0.002612671,0.003048116,0.003483561,0.003701284,0.004354452,0.005660788,0.006096233,0.006313956,0.006967123,0.006967123,0.007838014,0.008273459,0.008708904,0.009362072,0.009579795,0.010232963,0.010886131,0.011539298,0.012627912,0.012845634,0.013498802,0.013934247,0.014587415,0.015458306,0.016329196,0.018070977,0.018506422,0.019377313,0.020465926,0.021119094,0.021772262,0.022860875,0.023731765,0.024384933,0.026126714,0.02743305,0.028739386,0.029610276,0.030916612,0.03156978,0.032876115,0.033311561,0.033964728,0.034835619,0.035271064,0.035706509,0.036359677,0.03744829,0.037666013,0.038536903,0.039407794,0.040496407,0.040931852,0.041149575,0.042020465,0.042238188,0.042238188,0.043326801,0.044415414,0.045286305,0.046810363,0.047898976,0.048334421,0.049640757,0.050511648,0.051382538,0.051817983,0.052688874,0.054212932,0.054648377,0.0548661,0.055519268,0.055954713,0.056607881,0.057261049,0.058131939,0.058349662,0.05900283,0.060309166,0.060526888,0.062050947,0.062921837,0.063792728,0.064228173,0.064663618,0.065099063,0.065752231,0.066623122,0.067058567,0.067711735,0.06814718,0.069235793,0.069671238,0.069888961,0.070106684,0.070324406,0.071195297,0.071195297,0.071630742,0.071848465,0.072501632,0.072937078,0.072937078,0.0731548,0.073590246,0.074025691,0.074025691,0.074896581,0.075332026,0.075767472,0.07642064,0.077073807,0.077509253,0.077726975,0.077726975,0.077944698,0.078597866,0.079468756,0.079686479,0.080992815,0.081210537,0.082081428,0.08229915,0.083387763,0.083823209,0.084258654,0.085347267,0.086000435,0.086218158,0.086653603,0.087089048],"acl1_c":[0.0,0.0,0.0,0.0,0.0,0.0,0.000217722,0.000217722,0.000217722,0.000217722,0.000217722,0.000217722,0.000217722,0.000217722,0.000217722,0.000217722,0.000435445,0.000435445,0.000435445,0.000653167,0.000653167,0.00087089,0.00087089,0.001088613,0.001306335,0.001524058,0.00174178,0.001959503,0.001959503,0.002177226,0.002612671,0.002612671,0.002830394,0.003483561,0.004136729,0.004354452,0.004572175,0.00500762,0.005225342,0.00587851,0.006749401,0.006749401,0.006967123,0.006967123,0.007620291,0.008055736,0.008491182,0.008708904,0.009362072,0.010450685,0.011103853,0.011103853,0.011974744,0.012192466,0.013063357,0.013934247,0.013934247,0.01415197,0.015240583,0.015893751,0.016329196,0.016546919,0.017200087,0.017635532,0.017853254,0.017853254,0.018724145,0.01915959,0.019812758,0.019812758,0.020030481,0.020248203,0.020683649,0.021336816,0.022207707,0.022860875,0.023078597,0.023514043,0.024820378,0.025473546,0.025908991,0.026344437,0.027650772,0.028957108,0.029610276,0.030263444,0.030263444,0.031134334,0.03244067,0.033093838,0.033747006,0.034182451,0.034617896,0.034835619,0.035271064,0.036141955,0.037012845,0.038101458,0.038319181,0.038319181,0.039190071,0.039407794,0.039407794,0.040496407,0.041149575,0.04158502,0.041802743,0.042238188,0.043326801,0.043544524,0.043762246,0.044415414,0.045068582,0.045939473,0.046374918,0.047463531,0.048552144,0.048987589,0.049640757,0.05072937,0.051382538,0.052035706,0.052253429,0.052688874,0.053342042,0.05399521,0.054430655,0.054430655,0.054430655,0.054648377,0.0548661,0.055519268,0.055519268,0.055954713,0.056390158,0.057043326,0.057696494,0.058349662,0.058567385,0.058785107,0.05900283,0.059655998,0.05987372,0.060526888,0.060962333,0.061615501,0.061833224,0.062704114,0.062704114,0.06313956],"acl1_d":[0.0,0.0,0.0,0.0,0.0,0.0,0.0,0.0,0.0,0.0,0.0,0.0,0.0,0.0,0.0,0.0,0.0,0.0,0.0,0.0,0.0,0.0,0.0,0.0,0.000217722,0.000217722,0.000217722,0.000217722,0.000217722,0.000217722,0.000217722,0.000217722,0.000217722,0.000653167,0.000653167,0.000653167,0.000653167,0.000653167,0.000653167,0.000653167,0.000653167,0.000653167,0.000653167,0.000653167,0.000653167,0.000653167,0.000653167,0.001088613,0.001088613,0.001524058,0.001524058,0.001524058,0.001524058,0.00174178,0.00174178,0.00174178,0.00174178,0.00174178,0.001959503,0.001959503,0.001959503,0.001959503,0.001959503,0.002177226,0.002177226,0.002177226,0.002177226,0.002177226,0.002177226,0.002177226,0.002394948,0.002394948,0.002394948,0.002612671,0.002612671,0.002612671,0.002612671,0.002830394,0.003048116,0.003265839,0.003483561,0.003701284,0.003701284,0.003919007,0.004136729,0.004136729,0.004136729,0.004136729,0.004354452,0.004572175,0.004572175,0.004572175,0.004789897,0.00500762,0.005225342,0.005225342,0.005225342,0.005225342,0.005443065,0.005660788,0.005660788,0.005660788,0.005660788,0.005660788,0.006096233,0.006096233,0.006313956,0.006313956,0.006313956,0.006313956,0.006313956,0.006313956,0.006313956,0.006313956,0.006313956,0.006313956,0.006531678,0.006531678,0.006531678,0.006531678,0.006531678,0.006531678,0.006531678,0.006531678,0.006531678,0.006531678,0.006967123,0.006967123,0.006967123,0.006967123,0.007184846,0.007402569,0.007838014,0.008055736,0.008491182,0.008491182,0.008708904,0.008708904,0.008708904,0.008708904,0.008708904,0.008708904,0.00914435,0.009362072,0.009579795,0.009797517,0.009797517,0.01001524,0.010232963,0.010232963],